[{"userName":"ana","password":"ana","point1":440,"point2":284,"point3":250,"skin0":true,"skin1":true,"skin2":true,"skin3":true,"skin4":true,"currentSkin0":false,"currentSkin1":false,"currentSkin2":true,"currentSkin3":false,"currentSkin4":false,"coins":100039},{"userName":"sib","password":"1","point1":0,"point2":0,"point3":0,"skin0":true,"skin1":false,"skin2":false,"skin3":false,"skin4":false,"currentSkin0":true,"currentSkin1":false,"currentSkin2":false,"currentSkin3":false,"currentSkin4":false,"coins":0},{"userName":"kourosh","password":"kk","point1":0,"point2":0,"point3":0,"skin0":true,"skin1":false,"skin2":false,"skin3":false,"skin4":false,"currentSkin0":true,"currentSkin1":false,"currentSkin2":false,"currentSkin3":false,"currentSkin4":false,"coins":0},{"userName":"hmmm","password":"hmmm","point1":223,"point2":0,"point3":0,"skin0":true,"skin1":false,"skin2":false,"skin3":false,"skin4":false,"currentSkin0":true,"currentSkin1":false,"currentSkin2":false,"currentSkin3":false,"currentSkin4":false,"coins":4},{"userName":"sus","password":"sus","point1":0,"point2":0,"point3":0,"skin0":true,"skin1":false,"skin2":false,"skin3":false,"skin4":false,"currentSkin0":true,"currentSkin1":false,"currentSkin2":false,"currentSkin3":false,"currentSkin4":false,"coins":0},{"userName":"ff","password":"f","point1":212,"point2":0,"point3":0,"skin0":true,"skin1":false,"skin2":false,"skin3":false,"skin4":false,"currentSkin0":true,"currentSkin1":false,"currentSkin2":false,"currentSkin3":false,"currentSkin4":false,"coins":3},{"userName":"kia","password":"1234","point1":211,"point2":0,"point3":0,"skin0":true,"skin1":false,"skin2":false,"skin3":false,"skin4":false,"currentSkin0":true,"currentSkin1":false,"currentSkin2":false,"currentSkin3":false,"currentSkin4":false,"coins":3},{"userName":"mahan","password":"mahan","point1":0,"point2":0,"point3":0,"skin0":true,"skin1":false,"skin2":false,"skin3":false,"skin4":false,"currentSkin0":true,"currentSkin1":false,"currentSkin2":false,"currentSkin3":false,"currentSkin4":false,"coins":0},{"userName":"sanaz","password":"sanaz","point1":210,"point2":196,"point3":114,"skin0":true,"skin1":false,"skin2":false,"skin3":true,"skin4":true,"currentSkin0":false,"currentSkin1":false,"currentSkin2":false,"currentSkin3":false,"currentSkin4":true,"coins":0},{"userName":"123","password":"123","point1":185,"point2":56,"point3":20,"skin0":true,"skin1":false,"skin2":false,"skin3":false,"skin4":false,"currentSkin0":true,"currentSkin1":false,"currentSkin2":false,"currentSkin3":false,"currentSkin4":false,"coins":1},{"userName":"","password":"","point1":1321,"point2":1098,"point3":1006,"skin0":true,"skin1":true,"skin2":true,"skin3":true,"skin4":true,"currentSkin0":false,"currentSkin1":false,"currentSkin2":true,"currentSkin3":false,"currentSkin4":false,"coins":147},{"userName":"test","password":"","point1":481,"point2":0,"point3":0,"skin0":true,"skin1":false,"skin2":false,"skin3":true,"skin4":false,"currentSkin0":false,"currentSkin1":false,"currentSkin2":false,"currentSkin3":true,"currentSkin4":false,"coins":17}]